id,FIRMA,Adresse,PLZ,Stadt,Marke/Hersteller,Standort,quell_lat,quell_lon,lat,lon,koordinatenstatus
defi_a84933cd1a5d5bae9a93,Adalbert Stifter Institut,Adalbert-Stifter-Platz 1,4020,Linz,Lifepak CR+,2. Stock Sekretariat,48.30753300000000,14.28831700000000,48.30753300000000,14.28831700000000,plausibel
defi_a779079088b30fb74708,"Amt der Oberösterreichischen Landesregierung, Abteilung Gebäudemanagement",Altstadt 30,4020,Linz,Heartstart FRx,"Amtsgebäude Altstadt 30, 2. OG Stiegenhaus",48.30442600000000,14.28479100000000,48.30442600000000,14.28479100000000,plausibel
defi_2a42a40632768ea2e8f1,Dynatrace Austria GmbH,Am Fünfundzwanziger Turm 20,4020,Linz,Lifepak CR2 WLAN,Erdgeschoß - Empfangsbereich,48.31518400000000,14.30534500000000,48.31518400000000,14.30534500000000,plausibel
defi_b120deafa56319554ef5,Linz AG,Am Pöstlingberg 16,4020,Linz,Lifepak CR+,"Grottenbahn - Shop, bei EH-Kasten",48.32350000000000,14.25731600000000,48.32350000000000,14.25731600000000,plausibel
defi_e9cee4d4cecaa37f4ad2,OÖ Theater und Orchester GmbH - Musiktheater Linz,Am Volksgarten 1,4020,Linz,Lifepak CR+,Kassa,48.29464500000000,14.29301500000000,48.29464500000000,14.29301500000000,plausibel
defi_d79e23e79225d7ea4161,OÖ Theater und Orchester GmbH - Musiktheater Linz,Am Volksgarten 1,4020,Linz,Lifepak CR+,Arztzimmer 1. UG (99c11B),48.29464500000000,14.29301500000000,48.29464500000000,14.29301500000000,plausibel
defi_926e7a807bf8bcb73000,OÖ Theater und Orchester GmbH - Musiktheater Linz,Am Volksgarten 1,4020,Linz,Lifepak CR+,Portier,48.29513700000000,14.29445900000000,48.29513700000000,14.29445900000000,plausibel
defi_e926aaa3e7dcbebcb1b9,"Quality Austria - Trainings-, Zertifizierungs- und Begutachtungs GmbH",Am Winterhafen 1,4020,Linz,Heartstart FRx,4. OG,48.31836700000000,14.30431700000000,48.31836700000000,14.30431700000000,plausibel
defi_6bc6dbd3c012f4ca6030,Trans World Hotels Austria GmbH,Am Winterhafen 13,4020,Linz,Zoll AED Plus,Rezeption Backoffice,48.31880000000000,14.30300000000000,48.31880000000000,14.30300000000000,plausibel
defi_774259e08f7249b69438,Sozialverein B37,Anastasius-Grün-Straße 2,4020,Linz,Heartstart FRx,NOWA,48.29269000000000,14.29573000000000,48.29269000000000,14.29573000000000,plausibel
defi_5bcfcab73d23b0ad7bc9,Education Group GmbH,Anastasius-Grün-Straße 22-24,4020,Linz,Lifepak Express,EG Brandmeldezentrale,48.29369000000000,14.29796700000000,48.29369000000000,14.29796700000000,plausibel
defi_78d1e947aa6bc49543ea,HLW Auhof,Aubrunnerweg 4,4040,Linz,Lifepak CR+,Europagymnasium vor Konferenzzimmer,48.33338300000000,14.32091700000000,48.33338300000000,14.32091700000000,plausibel
defi_0e04304824193f9cc035,Landwirtschaftskammer Oberösterreich,Auf der Gugl 3,4021,Linz,Lifepak CR+,Rezeption Gästehaus,48.29275000000000,14.28238300000000,48.29275000000000,14.28238300000000,plausibel
defi_3bb1e6260b66b7223818,Landessportzentrum OÖ,Auf der Gugl 30,4020,Linz,Lifepak CR+,Bademeisterkabine,48.29305000000000,14.27951700000000,48.29305000000000,14.27951700000000,plausibel
defi_54d4e10a17c49cee0155,Landessportzentrum OÖ,Auf der Gugl 30,4020,Linz,Lifepak Express,Eingang rechts,48.29351000000000,14.27910000000000,48.29351000000000,14.27910000000000,plausibel
defi_c34d4eb0b8819680591b,Maximarkt HandelsgesmbH,Bäckermühlweg 61,4020,Linz,Lifepak CR2 WLAN,Info-Point (Kasse 1),48.24328300000000,14.27678300000000,48.24328300000000,14.27678300000000,plausibel
defi_8dd460c6a65fc5199d35,"Amt der Oberösterreichischen Landesregierung, Abteilung Gebäudemanagement - Landhaus Linz",Landhausplatz 1,4020,Linz,Lifepak CR+,"Landhaus, Steinerner Saal, Garderobe",48.30463300000000,14.28618300000000,48.30463300000000,14.28618300000000,plausibel
defi_1638d3dbaa72c526abbd,"Amt der Oberösterreichischen Landesregierung, Abteilung Gebäudemanagement",Kärntnerstraße 12,4021,Linz,Heartstart FRx,"Amtsgebäude Hauserhof, 1 OG, Stiegenhaus neben Raum 1D205",48.29195000000000,14.29066700000000,48.29195000000000,14.29066700000000,plausibel
defi_6fefad4871bfb1223fd2,Amt der Oberösterreichischen Landesregierung,Bahnhofplatz 1,4020,Linz,Fred Easy,"Landesdienstleistungszentrum LDZ, Portier 2.OG Raum 2a",48.29218300000000,14.29155000000000,48.29218300000000,14.29155000000000,plausibel
defi_99986d5b13505635f796,Amt der oberösterreichischen Landesregierung,Bahnhofplatz 1,4020,Linz,Lifepak CR+,"LDZ, 4. OG, Stiegenhaus B/C",48.29197900000000,14.29159500000000,48.29197900000000,14.29159500000000,plausibel
defi_0427b17aa0609b560684,Amt der oberösterreichischen Landesregierung,Bahnhofplatz 1,4020,Linz,Lifepak CR+,"LDZ, 6. OG, Stiegenhaus A/B",48.29197900000000,14.29159500000000,48.29197900000000,14.29159500000000,plausibel
defi_d3a6f6bd2455ffe659c8,ÖBB Infrastruktur AG c/o Immobilienmanagement GmbH,Bahnhofstraße 3,4020,Linz,Lifepak CR2 WLAN,Linz Hauptbahnhof Infopoint 1UG,48.29088300000000,14.29125000000000,48.29088300000000,14.29125000000000,plausibel
defi_321b34246b2eda7b848a,Sozialverein B37,Bethlehemstraße 37,4020,Linz,Heartstart FRx,PSWB,48.30356000000000,14.29707000000000,48.30356000000000,14.29707000000000,plausibel
defi_f7b68ebc5c53ce9b0e07,Caritas für Betreuung und Pflege - Seniorenwohnhaus Karl Borromäus,Bethlehemstraße 56-58,4020,Linz,Heartstart FRx,1. OG Stiegenhaus,48.30366700000000,14.29581700000000,48.30366700000000,14.29581700000000,plausibel
defi_d77ffbc79c0ef20933b8,Caritas für Betreuung und Pflege - Seniorenwohnhaus Karl Borromäus,Bethlehemstraße 56-58,4020,Linz,Heartstart FRx,4. OG - LZB (Intensiv),48.30366700000000,14.29581700000000,48.30366700000000,14.29581700000000,plausibel
defi_d4bdd22ad69db950f1a8,VLW - Vereinigte Linzer Wohnungsgenossenschaften gemeinnützige GmbH,Blumauerstraße 19,4020,Linz,Lifepak CR2 WLAN,Haupteingang,48.29561100000000,14.29568500000000,48.29561100000000,14.29568500000000,plausibel
defi_b42f72705c1c041db0fb,Reisewelt GmbH,Blumauerstraße 46,4020,Linz,Lifepak CR+,Betreutes Reisen,48.29718000000000,14.30127000000000,48.29718000000000,14.30127000000000,plausibel
defi_315c1349d721823d38ef,OÖ Wohnbau Gesellschaft für den Wohnungsbau,Blumauerstraße 46,4020,Linz,Lifepak CR+,"Blumau Tower, 10. Stock",48.29873300000000,14.29996700000000,48.29873300000000,14.29996700000000,plausibel
defi_8b599a0420aefb26bc7f,Ernst & Young ServicegmbH & Co OG Steuerberatungsgesellschaft,Blumauerstraße 46,4020,Linz,Lifepak Express,16. OG,48.29747000000000,14.30181700000000,48.29747000000000,14.30181700000000,plausibel
defi_9c284766407d42dcab5a,Energie AG,Böhmerwaldstr. 3,4021,Linz,Lifepak CR+,Portier,48.29325000000000,14.29145000000000,48.29325000000000,14.29145000000000,plausibel
defi_b75419f5fc68a3707c90,Energie AG Vertrieb,Böhmerwaldstraße 16,4020,Linz,Lifepak CR+,Erdgeschoss Eingang links,48.29240100000000,14.28994500000000,48.29240100000000,14.28994500000000,plausibel
defi_977e090f451b1f9b807b,Energie AG,Böhmerwaldstraße 3,4020,Linz,Lifepak CR+,Linz Energie Tower (Fr. Baier kontaktieren),48.29346000000000,14.29169000000000,48.29346000000000,14.29169000000000,plausibel
defi_b965448b425504f54419,Energie AG,Böhmerwaldstraße 3,4020,Linz,Lifepak CR+,"Power Tower, 10. OG, Lift",48.29330200000000,14.29153300000000,48.29330200000000,14.29153300000000,plausibel
defi_6f0faa4578f7ac722aad,LAPP Austria GmbH,Bremenstraße 8,4030,Linz,Lifepak CR+,1. OG EH-Kasten,48.25011100000000,14.38026700000000,48.25011100000000,14.38026700000000,plausibel
defi_139c6c3e40b8146c2a53,Elefantenstark GmbH & Co OG,Brucknerstraße 9,4020,Linz,Lifepak CR+,Büro links nach der Eingang,48.28769900000000,14.29768600000000,48.28769900000000,14.29768600000000,plausibel
defi_a7452fcf86c7f5649fd2,NORDICO Stadtmuseum Linz,Dametzstraße 23,4020,Linz,Lifepak CR+,Nordico Infopoint/Kasse,48.30405700000000,14.29134300000000,48.30405700000000,14.29134300000000,plausibel
defi_27714c6422a9beefbf93,Getriebebau Nord GmbH,Deggendorfstraße 8,4030,Linz,Lifepak CR+,Eingang Produktion,48.25148100000000,14.38054700000000,48.25148100000000,14.38054700000000,plausibel
defi_aeba91bea32cc656d6b4,Robert Bosch AG Dieselentwicklung Linz,Derfflingerstr 15,4017,Linz,Lifepak CR+,Halle 2 beim INFO-Point (Treppenaufgang),48.30768300000000,14.30865000000000,48.30768300000000,14.30865000000000,plausibel
defi_b0a82034bda2c4ed85d4,Infineon Technologies Linz GmbH & Co KG,Donaufeldstraße 5,4040,Linz,Heartstart FRx,"EG, Empfangsbereich",48.32700100000000,14.32333000000000,48.32700100000000,14.32333000000000,plausibel
defi_65ad399461c44dbade99,ASKÖ Linz Steg,Dornacher Straße 27,4040,Linz,Lifepak CR+,Sportbuffet (Büro links) Öffnungszeiten: Di-Fr 10:00-24:00,48.33330000000000,14.30670000000000,48.33330000000000,14.30670000000000,plausibel
defi_70e5d1bd12611cd7d9d8,Linz AG,Dornacher Straße 37,4020,Linz,Lifepak CR+,Biesenfeldbad - Kassiererloge EG,48.33370000000000,14.30276600000000,48.33370000000000,14.30276600000000,plausibel
defi_691311b7a98f3d15a1ca,Ordination DDr. Chrstina Penzl,Dornacher Straße 9,4040,Linz,Lifepak CR+,Küche,48.33200000000000,14.31101000000000,48.33200000000000,14.31101000000000,plausibel
defi_c5cdf559058dca88bcdf,Wolf Klima- & Heizungstechnik GmbH,Eduard-Haas-Straße 44,4030,Linz,Lifepak CR+,Empfang,48.24557500000000,14.26975200000000,48.24557500000000,14.26975200000000,plausibel
defi_0e560310e677c8509ded,ELIN GmbH,Emil-Rathenau-Straße 4,4030,Linz,Lifepak CR+,Empfang,48.24586700000000,14.29118200000000,48.24586700000000,14.29118200000000,plausibel
defi_b8ff90dc7ee77ca9e387,LENTOS Kunstmuseum Linz,Ernst-Koref-Promenade 1,4020,Linz,Lifepak CR+,Lentos Infopoint Mitarbeiterkammerl,48.30849700000000,14.28882700000000,48.30849700000000,14.28882700000000,plausibel
defi_c48fe0662b5ca69cc973,Fresenius Kabi Austria GmbH,Estermannstraße 17,4020,Linz,Fred Easy Life,"HES-Gebäude, Stiegenhaus EG",48.30622800000000,14.32703200000000,48.30622800000000,14.32703200000000,plausibel
defi_f3546d82f27af18803fb,Fresenius Kabi Austria GmbH,Estermannstraße 17,4020,Linz,Fred Easy Life,"Halle A, Stiegenhaus EG",48.30622800000000,14.32703200000000,48.30622800000000,14.32703200000000,plausibel
defi_4ccc9ec47767bbac8f08,Raiffeisenlandesbank Oberösterreich AG,Europaplatz 1a,4020,Linz,Lifepak CR+,Infopoint,48.29972900000000,14.30141500000000,48.29972900000000,14.30141500000000,plausibel
defi_c7ee6549462c27995b23,UNIQA Insurance Group AG,Europaplatz 5,4021,Linz,Fred Easy,Eingang EG,48.29933300000000,14.30343300000000,48.29933300000000,14.30343300000000,plausibel
defi_cb1de49acf6027035018,Uniqa Insurance Group AG,Europaplatz 5,4020,Linz,Heartstart FRx,Europaplatz außen,48.29922800000000,14.30330100000000,48.29922800000000,14.30330100000000,plausibel
defi_8004e4e8f83659a3bc5c,Dorotheum - Filiale Linz,Fabrikstraße 26,4010,Linz,Lifepak Express,Eingang rechts (Information),48.30909700000000,14.29368800000000,48.30909700000000,14.29368800000000,plausibel
defi_6c3f9a5c5dd91f9c6521,Berufsschule Linz 6 und 7,Ferihumerstraße 28,4040,Linz,Fred Easy,Eingang/Schulwart,48.31300000000000,14.28748300000000,48.31300000000000,14.28748300000000,plausibel
defi_c10277a83b3fb2268d7e,Sprecher Automation GmbH,Franckstr. 51,4018,Linz,Lifepak CR+,Empfangshalle,48.29286700000000,14.31450000000000,48.29286700000000,14.31450000000000,plausibel
defi_99f06409a1cd2f134a5b,REXEL Austria GmbH,Franzosenhausweg 34,4030,Linz,Heartstart FRx,Büro hinten im Kasten,48.24595000000000,14.29384000000000,48.24595000000000,14.29384000000000,plausibel
defi_800c46fa08a8a8fa5c05,Linde Material Handling Austria GmbH,Franzosenhausweg 35,4030,Linz,Lifepak CR+,Haupteingang Foyer,48.24638300000000,14.29570000000000,48.24638300000000,14.29570000000000,plausibel
defi_a7b7b6df48d753b6605c,Schrack Technik GmbH,,,,Heartstart FRx,,,,,,fehlt
defi_a6ec2fb7af0ae453e12f,Hytek GmbH (vorab Anmelden für Service),Franzosenhausweg 54 - 56,4030,Linz,Lifepak CR+,Küche,48.24267100000000,14.29268400000000,48.24267100000000,14.29268400000000,plausibel
defi_3da5db33e1d5ae966897,Hytek GmbH (vorab Anmelden für Service),Franzosenhausweg 54 - 56,4030,Linz,Lifepak CR2 WLAN,neben Gebäude,48.24267100000000,14.29268400000000,48.24267100000000,14.29268400000000,plausibel
defi_fad9024296fcd58f60b4,Kollegium Aloisianum Freinberg,Freinbergstraße 32,4020,Linz,Lifepak CR+,Gleich nach Stiegenabgang vor Sekretariat rechts,48.29626700000000,14.26841700000000,48.29626700000000,14.26841700000000,plausibel
defi_6e051283a7f7efdd10ca,Oberösterreich Tourismus GmbH,Freistädter Straße 119,4040,Linz,Lifepak CR2 WLAN,,48.32157000000000,14.29194000000000,48.32157000000000,14.29194000000000,plausibel
defi_ae4be026d6d016dc03fd,ÖAMTC Oberösterreich,Freistädter Straße 399,4040,Linz,Lifepak Express,Lager,48.32850500000000,14.32402800000000,48.32850500000000,14.32402800000000,plausibel
defi_32710c3bbb9fd9ee1b4f,St. Barbara Gottesackerstiftung,Friedhofstraße 1,4020,Linz,Heartstart FRx,Portier/ Kerzenverkauf,48.29400000000000,14.30091700000000,48.29400000000000,14.30091700000000,plausibel
defi_00c8cc236e78e4e61af0,FH OÖ,Garnisonstraße 21,4020,Linz,Lifepak CR+,FH Linz,48.30133300000000,14.31126700000000,48.30133300000000,14.31126700000000,plausibel
defi_ba536a03dc1751e0cc8f,Neue Heimat Gemeinnützige Wohnungs- und Siedlungsgesellschaft in Oberösterreich GmbH,Freistädterstraße 317,4021,Linz,Fred Easy,"Seniorenwohnhaus (Mo,Mi,Fr 8-11 Uhr)",48.32938300000000,14.31878300000000,48.32938300000000,14.31878300000000,plausibel
defi_9e24238e43e1341daf9b,BBRZ Med GmbH,Glimpfingerstraße 48a,4020,Linz,Heartstart FRx,L-26 vor Raum R202,48.27508000000000,14.30531800000000,48.27508000000000,14.30531800000000,plausibel
defi_d0f8b4a131f24987ab52,Berufsschule Linz 5,Glimpfingerstraße 8a,4020,Linz,Fred Easy,Konferenzzimmer,48.27615000000000,14.30781700000000,48.27615000000000,14.30781700000000,plausibel
defi_fc5415f803dc7047f3fd,BSZ Linz Berufsschule 8 inkl. Internat,Glimpfingerstraße 8b,4020,Linz,Fred Easy,Nähe Schulwartbüro,48.27575000000000,14.30701700000000,48.27575000000000,14.30701700000000,plausibel
defi_d9527a96e710dd4aa7a6,Berufsschule 10,Glimpfingerstraße 8d,4020,Linz,Lifepak Express,Konferenzzimmer,48.27739000000000,14.30870000000000,48.27739000000000,14.30870000000000,plausibel
defi_5643a7e3c73c2f48a453,GRZ IT Center GmbH,Goethestr. 80,4021,Linz,Lifepak CR+,1. UG Hauptgebäude,48.29881700000000,14.30725000000000,48.29881700000000,14.30725000000000,plausibel
defi_76e0eefd2c4b7dd668ef,Sozialverein B37,Goethestraße 23,4020,Linz,Heartstart FRx,ALOA,48.29711000000000,14.29523000000000,48.29711000000000,14.29523000000000,plausibel
defi_7c4ad89cf01d22d81673,Ordination Dr. Elke Schiefersteiner,Goethestraße 7,4020,Linz,Heartstart FRx,Anmeldung,48.29651800000000,14.29302500000000,48.29651800000000,14.29302500000000,plausibel
defi_79a6977fa3ef50bfca9a,GRZ IT Center GmbH,Goethestraße 84,4020,Linz,Lifepak CR+,Eingang links,48.29911700000000,14.30676700000000,48.29911700000000,14.30676700000000,plausibel
defi_1c61d9017f0a6e9bcee1,"Amt der Oberösterreichischen Landesregierung, Direktion Umwelt und Wasserwirtschaft",Goethestraße 86,4020,Linz,Lifepak CR+,Foyer/Windfang,48.30016400000000,14.30832400000000,48.30016400000000,14.30832400000000,plausibel
defi_829a1d3240b7c5ac9f4c,BBRZ Reha GmbH,Grillparzerstr. 50,4020,Linz,Fred Easy,Bereitschaftsraum (Pfleger) Zimmer 301,48.29041700000000,14.29935000000000,48.29041700000000,14.29935000000000,plausibel
defi_e9eee1ba00d846fae266,Verein BBRZ Österreich,Grillparzerstr. 50,4020,Linz,Fred Easy,med. Abteilung,48.27560000000000,14.30481700000000,48.27560000000000,14.30481700000000,plausibel
defi_55b853b055c4e90baa03,IFA Institut für Anlagenberatung AG,Grillparzerstraße 18-20,4020,Linz,Lifepak CR+,Erdgeschoß - Telefonzelle,48.29250000000000,14.29751700000000,48.29250000000000,14.29751700000000,plausibel
defi_dd9f03b4f6e5b95d7002,Landespolizeidirektion Oberösterreich,Nietzschestraße 33,4020,Linz,Lifepak CR+,Eingang rechts,48.30748400000000,14.30013900000000,48.30748400000000,14.30013900000000,plausibel
defi_c89f6dcf3fcff3f931e9,Landespolizeidirektion Oberösterreich,Gruberstraße 35,4020,Linz,Lifepak CR+,Eingangsbereich Stiege vor Journaldienst,48.30762300000000,14.30005800000000,48.30762300000000,14.30005800000000,plausibel
defi_4fd27e57a29a7d575c09,LV Immobilien GmbH,Hafenstr. 1-3,4020,Linz,Lifepak CR+,Standort unklar! (wird von Herrn Linhard bekannt gegeben!),48.31573300000000,14.30105000000000,48.31573300000000,14.30105000000000,plausibel
defi_8c29dc2eb4d3d6084236,MIC Datenverarbeitung GmbH,Hafenstraße 24,4020,Linz,Lifepak CR+,Treppenhaus 1. Stock,48.31675000000000,14.30453300000000,48.31675000000000,14.30453300000000,plausibel
defi_c51e6d2bc37f2bd77dfd,Allianz Elementar Versicherungs AG,Dauphinestraße 56,4030,Linz,Lifepak Express,MTZ,48.25353300000000,14.31221700000000,48.25353300000000,14.31221700000000,plausibel
defi_a8c56fe239283ffaf351,"Auto Günther GmbH, Fliliale Linz",Hamerlingstraße 13-15,4021,Linz,Lifepak Express,Werkstatt neben Kaffeautomat,48.29127000000000,14.29957000000000,48.29127000000000,14.29957000000000,plausibel
defi_e8a7206c173c931d84cd,Linz AG,Hartheimer Straße 1-3,4020,Linz,Lifepak CR+,Freizeitanlage/Sauna Ebelsberg,48.24115000000000,14.32906600000000,48.24115000000000,14.32906600000000,plausibel
defi_5c9957b478cfefcd7d5f,St. Magdalena Apotheke Mag. Eder KG,Haselgrabenweg 1,4040,Linz,Lifepak Express,Eingang Links im Zimmer,48.33420000000000,14.29846700000000,48.33420000000000,14.29846700000000,plausibel
defi_6b223080694041badd12,"Magistrat der Landeshauptstadt Linz, Gebäudemanagement und Tiefbau, Abt. technisches Gebäudemanagement",Hauptstraße 1-5,4040,Linz,Lifepak CR+,"Neues Rathaus, Portier",48.30971600000000,14.28309600000000,48.30971600000000,14.28309600000000,plausibel
defi_5cd4950b6d40251aec2a,Magistrat der Landeshauptstadt Linz - Altes Rathaus,Hauptplatz 1,4040,Linz,Lifepak CR+,Altes Rathaus Portier,48.30598200000000,14.28685300000000,48.30598200000000,14.28685300000000,plausibel
defi_85dddfbdb10cfddf6a82,Hitzinger Electric Power GmbH,Helmholtzstraße 56,4021,Linz,Lifepak CR+,Haupteingang Portier,48.25661700000000,14.27686700000000,48.25661700000000,14.27686700000000,plausibel
defi_fec21ad1c2c8884cf21e,Hitzinger Electric Power GmbH,Helmholtzstraße 56,4021,Linz,Lifepak CR+,Werk II Eingangsbereich,48.25761700000000,14.27910000000000,48.25761700000000,14.27910000000000,plausibel
defi_2daadaedbad86fbab1ae,VACE Engineering GmbH,Hernalser Gürtel 1,4030,Wien,Lifepak CR2 WLAN,Wien,48.21230300000000,16.33872400000000,,,ausserhalb_linz
defi_af8d111b4de11ad6eeed,Linzer Schutzengel Apotheke Mag. Jörg Mayrhofer KG,Herrenstraße 2,4020,Linz,Lifepak Express,,48.30326700000000,14.28563300000000,48.30326700000000,14.28563300000000,plausibel
defi_72dd358fde86dc3b9c68,"Hessenplatz Hotel- und. Immobilienentw. GmbH, Park Inn Linz - Kinderelektroden 2023-06-09",Hessenplatz 16-18,4020,Linz,Lifepak CR+,Sekretariat hinter der Rezeption,48.30030000000000,14.29343300000000,48.30030000000000,14.29343300000000,plausibel
defi_b476968846610d785e81,Wirtschaftskammer Oberösterreich,Hessenplatz 3,4020,Linz,Lifepak CR+,Kundencenter Empfang,48.30128300000000,14.29400000000000,48.30128300000000,14.29400000000000,plausibel
defi_63d7f4aa26eb85c90338,Wirtschaftskammer Oberösterreich,Wienerstraße 150,4020,Linz,Heartstart FRx,WIFI,48.28008300000000,14.30865000000000,48.28008300000000,14.30865000000000,plausibel
defi_c4d0314db8fafb41380c,Sema Klima und Lufttechnik GmbH,,,,Heartstart FRx,Aufenthaltsraum neben Erste Hilfe Koffer,,,,,fehlt
defi_27287f2ddcae9ca8d23f,Linz AG,Holzstraße 11,4021,Linz,Lifepak CR+,"Umspannwerk Mitte, 4.OG Stiegenhaus",48.31112300000000,14.30367400000000,48.31112300000000,14.30367400000000,plausibel
defi_13eae897609c45ae3064,Mindbreeze GmbH,Honauerstraße 2,4020,Linz,Lifepak CR+,3.OG WC Bereich,48.31007100000000,14.29452300000000,48.31007100000000,14.29452300000000,plausibel
defi_2520d40b6b56a938a7ca,Fabasoft International Services GmbH,Honauerstraße 4,4020,Linz,Lifepak CR+,"6. Stock, Empfang",48.31004400000000,14.29503100000000,48.31004400000000,14.29503100000000,plausibel
defi_52b255893cd04749b9fb,Fabasoft International Services GmbH,Honauerstraße 4,4020,Linz,Lifepak CR+,4. Stock,48.31004400000000,14.29503100000000,48.31004400000000,14.29503100000000,plausibel
defi_c71ad0b3a303f94ffc02,Fabasoft International Services GmbH,Honauerstraße 4,4020,Linz,Lifepak CR+,Erdgeschoss - Veranstaltungsbereich,48.31004400000000,14.29503100000000,48.31004400000000,14.29503100000000,plausibel
defi_c739ab83b19bcc7e3a5d,Fabasoft AG,Honauerstraße 4,4020,Linz,Lifepak CR2 WLAN,"2. OG, Küche",48.31004400000000,14.29503100000000,48.31004400000000,14.29503100000000,plausibel
defi_bbf908767eb1c913b2a7,Rubble Master HMH GmbH - Wartungsprotokoll zusätzlich per Mail an Hr. Haugsberger,Im Südpark 196,4030,Linz,Heartstart FRx,beim Eingang (links),48.25381700000000,14.37926700000000,48.25381700000000,14.37926700000000,plausibel
defi_64bfdcf0bbdee85ebb15,Uniqa Insurance Group AG - Neue Werft,Industriezeile 35,4020,Linz,Heartstart FRx,Neue Werft,48.31359900000000,14.31349800000000,48.31359900000000,14.31349800000000,plausibel
defi_2a91cb0e64aff44dc2d4,Linz AG,Industriezeile 36a,4020,Linz,Lifepak Express,"Donauplex, Portier",48.31333000000000,14.31270000000000,48.31333000000000,14.31270000000000,plausibel
defi_1a1e04ae18ca889e1027,FAB Zentrum für berufliche Integration Linz,Industriezeile 47,4020,Linz,Fred Easy,1.OG / Krankenzimmer,48.30676700000000,14.31761700000000,48.30676700000000,14.31761700000000,plausibel
defi_c9d45fc5cfaf17abd0b4,Hainzl Industriesysteme GmbH,Industriezeile 56,4021,Linz,Lifepak CR+,Empfang Eingang,48.30791600000000,14.31527100000000,48.30791600000000,14.31527100000000,plausibel
defi_16ed3633fa4bd1fd71ce,Haribo Austria GmbH & Co KG,Industriezeile 68,4017,Linz,Lifepak CR+,EG Produktion,48.30373300000000,14.31721700000000,48.30373300000000,14.31721700000000,plausibel
defi_67d1c4d497fc8ebbcbd4,Haribo Austria GmbH & Co KG,Industriezeile 68,4017,Linz,Lifepak CR+,Eingangsbereich/Empfang,48.30381700000000,14.31723300000000,48.30381700000000,14.31723300000000,plausibel
defi_b4e46fe06528fb099adc,Haribo Austria GmbH & Co KG,Industriezeile 68,4017,Linz,Lifepak CR+,Haribo Shop,48.30491100000000,14.31703800000000,48.30491100000000,14.31703800000000,plausibel
defi_5ea587c6598990490f81,"Porsche Inter Auto GmbH & Co KG, Mayer Linz",Industriezeile 72,4020,Linz,Heartstart FRx,Durchgang Verkauf und Werkstätte,48.30315000000000,14.31788300000000,48.30315000000000,14.31788300000000,plausibel
defi_77212c8663346baa9ac8,Pädagogische Hochschule OÖ,Kaplanhofstraße 40,4020,Linz,Lifepak CR+,3. Stock,48.30766700000000,14.30500000000000,48.30766700000000,14.30500000000000,plausibel
defi_b9769bebcbd62e9babc9,Pädagogische Hochschule OÖ,Kaplanhofstraße 40,4020,Linz,Lifepak CR+,Eingangsbereich,48.30773300000000,14.30461700000000,48.30773300000000,14.30461700000000,plausibel
defi_79d1801227083cf2389e,Pädagogische Hochschule OÖ,Huemerstraße 3-5,4020,Linz,Lifepak CR+,5. OG,48.30576500000000,14.29849500000000,48.30576500000000,14.29849500000000,plausibel
defi_5b74734b78d64c18a270,Pastoralamt der Diözese Linz,Kapuzinerstraße 84,4020,Linz,Lifepak CR+,Haupteingang hinterm Portier,48.29813600000000,14.27556700000000,48.29813600000000,14.27556700000000,plausibel
defi_ae0349b2561507cb4036,Amt der oberösterreichischen Landesregierung,Kärntnerstraße 10-12,4020,Linz,Lifepak CR+,"Hauserhof, 3. OG, Raum 3D144",48.29215000000000,14.29078000000000,48.29215000000000,14.29078000000000,plausibel
defi_1e78832f4231d9b26cda,Amt der oberösterreichischen Landesregierung,Kärntnerstraße 10-12,4020,Linz,Lifepak CR+,"Hauserhof, 5. OG, Raum 5D201",48.29215000000000,14.29078000000000,48.29215000000000,14.29078000000000,plausibel
defi_d44eb5435f4d91cc04a1,Bezirkshauptmannschaft Linz-Land,Kärntnerstraße 14-16,4021,Linz,Fred Easy,Eingang Portier,48.29745000000000,14.28998300000000,48.29745000000000,14.28998300000000,plausibel
defi_9d5614203e16e6bcc1c6,Bezirkshauptmannschaft Linz-Land,Kärntnerstraße 14-16,4020,Linz,Lifepak CR+,Stiegenhaus 3. OG,48.29134900000000,14.29001300000000,48.29134900000000,14.29001300000000,plausibel
defi_a1f154b3533302afee1a,Bezirkshauptmannschaft Linz-Land,Kärntnerstraße 14-16,4020,Linz,Lifepak CR+,Stiegenhaus 5. OG,48.29134900000000,14.29001300000000,48.29134900000000,14.29001300000000,plausibel
defi_fa8f9c0e37b10bffa37e,"Magistrat der Landeshauptstadt Linz, Kultur und Bildung, Abt. Servicemanagement",Kärntnerstraße 26,4020,Linz,Lifepak CR+,"Wissensturm, Infoschalter EG",48.29084100000000,14.28836400000000,48.29084100000000,14.28836400000000,plausibel
defi_15393d7f1e660102466d,Agrarbehörde Linz,Knabenseminarstraße 2,4040,Linz,Fred Easy,"1. OG, rechts bei Drucker",48.31590000000000,14.28051700000000,48.31590000000000,14.28051700000000,plausibel
defi_0dee4f04eba22ab428b1,"Österreichisches Rotes Kreuz, Landesverband Oberösterreich, Bezirksstelle Linz-Stadt, ÄND Linz 4.5911",Körnerstraße 28,4020,Linz,Lifepak CR+,ÄND-Fahrzeug 4.5911,48.30478300000000,14.29940000000000,48.30478300000000,14.29940000000000,plausibel
defi_cca1679427989102be72,"Österreichisches Rotes Kreuz, Landesverband Oberösterreich, Bezirksstelle Linz-Stadt, ÄND Linz 4.5912",Körnerstraße 28,4020,Linz,Lifepak CR+,ÄND-Fahrzeug 4.5912,48.30478300000000,14.29940000000000,48.30478300000000,14.29940000000000,plausibel
defi_66e166389b2318adf1e5,"Österreichisches Rotes Kreuz, Landesverband Oberösterreich, Bezirksstelle Linz-Stadt, ÄND Linz 4.5913",Körnerstraße 28,4020,Linz,Lifepak CR+,ÄND-Fahrzeug 4.5913,48.30478300000000,14.29940000000000,48.30478300000000,14.29940000000000,plausibel
defi_cc1d67dfd8f67ba0eb95,"Österreichisches Rotes Kreuz, Landesverband Oberösterreich, Bezirksstelle Linz-Stadt, ÄND Linz 4.5914",Körnerstraße 28,4020,Linz,Lifepak CR+,ÄND-Fahrzeug 4.5914,48.30478300000000,14.29940000000000,48.30478300000000,14.29940000000000,plausibel
defi_2b06c4c6e183ecba18f4,ÖRK Linz-Stadt - HELP-Mobil,Körnerstraße 28,4020,Linz,Lifepak CR+,,48.30478300000000,14.29940000000000,48.30478300000000,14.29940000000000,plausibel
defi_dade9c94fbdbb5e3c3c4,"ÖRK Landesverband OÖ, KHD 4.7715",Körnerstraße 28,4020,Linz,Lifepak CR+,KHD 4.7715,48.25824500000000,14.27985100000000,48.25824500000000,14.27985100000000,plausibel
defi_87f99bfba4e6910b779f,"ÖRK Landesverband OÖ, 4.1703",Körnerstraße 28,4020,Linz,Lifepak CR2 WLAN,4.1703 Dienstfahrzeug LV,48.30478300000000,14.29940000000000,48.30478300000000,14.29940000000000,plausibel
defi_2508ec27258262a87ac1,HABAU Hoch- und Tiefbaugesellschaft mbH,Kotzinastraße 4,4021,Linz,Fred Easy,"Kotzinastraße 4, Linz, EG, nähe Lift",48.28895000000000,14.28503300000000,48.28895000000000,14.28503300000000,plausibel
defi_83b5e2b9eef844e2962c,Held & Francke Baugesellschaft mbH,Kotzinastraße 4,4030,Linz,Lifepak CR+,Eingangsbereich,48.24076600000000,14.28235600000000,48.24076600000000,14.28235600000000,plausibel
defi_30aeabd8c5d4b1aaaf5c,"Österreichisches Rotes Kreuz, Landesverband OÖ, Blutzentrale Linz",Krankenhausstraße 7,4017,Linz,Lifepak CR+,Team 5,48.30271700000000,14.30513300000000,48.30271700000000,14.30513300000000,plausibel
defi_2a5d535f9d42de8f2c79,"Österreichisches Rotes Kreuz, Landesverband OÖ, Blutzentrale Linz",Krankenhausstraße 7,4017,Linz,Lifepak CR+,Außendienst Reserve,48.30271700000000,14.30513300000000,48.30271700000000,14.30513300000000,plausibel
defi_b0a13b711538249cce43,"Österreichisches Rotes Kreuz, Landesverband OÖ, Blutzentrale Linz",Krankenhausstraße 7,4017,Linz,Lifepak CR+,Team 6,48.30271700000000,14.30513300000000,48.30271700000000,14.30513300000000,plausibel
defi_20a5cd19a45759e1465f,"Österreichisches Rotes Kreuz, Landesverband OÖ, Blutzentrale Linz",Krankenhausstraße 7,4017,Linz,Lifepak CR+,Team 7,48.30271700000000,14.30513300000000,48.30271700000000,14.30513300000000,plausibel
defi_567b7fefa876fd0746a8,"Österreichisches Rotes Kreuz, Landesverband OÖ, Blutzentrale Linz",Krankenhausstraße 7,4017,Linz,Lifepak CR+,Ambulanz Notfallraum EG,48.30271700000000,14.30513300000000,48.30271700000000,14.30513300000000,plausibel
defi_15bdf5e3591b51e05623,"Österreichisches Rotes Kreuz, Landesverband OÖ, Blutzentrale Linz",Krankenhausstraße 7,4017,Linz,Lifepak CR+,Team 8,48.30271700000000,14.30513300000000,48.30271700000000,14.30513300000000,plausibel
defi_e9e5e8dba5e46834f5d1,Zgonc Handel GmbH,Kremplstr. 9,4020,Linz,Lifepak CR+,"Zgonc Linz, Erste-Hilfe-Raum",48.27456700000000,14.31250000000000,48.27456700000000,14.31250000000000,plausibel
defi_273bcae0a96eeec8f80a,KPMG Services GmbH,Kudlichstraße 41,4020,Linz,Heartstart FRx,Foyer Wartebereich,48.28672000000000,14.27834700000000,48.28672000000000,14.27834700000000,plausibel
defi_15e010597ab80284bcf4,Amt der oberösterreichischen Landesregierung,Landhausplatz 1,4020,Linz,Lifepak CR+,"Landhaus, 4. OG, Turmstiege",48.30405300000000,14.28532200000000,48.30405300000000,14.28532200000000,plausibel
defi_fdf42065d0950d101719,Kaufmännischer Verein - Palais,Landstr. 49,4020,Linz,Lifepak CR+,Rettungszimmer EG,48.29975000000000,14.29208300000000,48.29975000000000,14.29208300000000,plausibel
defi_5633859d957be85693ab,Passage Linz GmbH & Co KG,Landstraße 17-25,4020,Linz,Lifepak CR+,Infocenter 1. OG,48.30280600000000,14.28938300000000,48.30280600000000,14.28938300000000,plausibel
defi_40f95e397c7df5671ad9,Oberösterreichische Landesbank AG,Landstraße 38,4010,Linz,Lifepak CR+,"Infoschalter Mozartkreuzung,",48.30137000000000,14.29020100000000,48.30137000000000,14.29020100000000,plausibel
defi_6359551246c8fb5575e7,OÖ Energiesparverband,Landstraße 45/5,4020,Linz,Lifepak CR+,5. Stock,48.30034100000000,14.29136600000000,48.30034100000000,14.29136600000000,plausibel
defi_2ea42a9328de5cfa39fe,JOSEF Linz - Günter W. Hager,Landstraße 49,4020,Linz,Heartstart HS1,Hinter d. Bar,48.29977700000000,14.29145600000000,48.29977700000000,14.29145600000000,plausibel
defi_0ff2195e5ca5a121b86f,Apotheke Schillerplatz KG,Landstraße 70,4020,Linz,Lifepak Express,Hinter Türe zwischen Verkauf und Backoffice,48.30215000000000,14.29081700000000,48.30215000000000,14.29081700000000,plausibel
defi_397e75b752889a87422a,Helvetia Versicherungen AG,Landstraße 86,4020,Linz,Lifepak CR+,Eingang rechts,48.29622100000000,14.29174300000000,48.29622100000000,14.29174300000000,plausibel
defi_b5f1eaa09baf942052c7,WEG Lastenstraße 38/City Tower 1,Lastenstraße 38,4020,Linz,Lifepak CR+,"6.-7 City Tower 1 Kasten versperrt Schlüssel abholen bei Hr. Hajnerl (Haus&Grund GesmbH, Südtirolerstraße 5, 4020 Linz)",48.29130000000000,14.30490000000000,48.29130000000000,14.30490000000000,plausibel
defi_f60f5fe1d6229ecf22d7,Caritas für Betreuung und Pflege - Seniorenwohnhaus St. Anna,Leondingerstraße 22,4020,Linz,Heartstart FRx,Eingang links,48.29158500000000,14.26905300000000,48.29158500000000,14.26905300000000,plausibel
defi_581c4a8f3e9523510907,OÖLKUF,Leonfeldnerstraße 11,4041,Linz,Lifepak CR+,Empfang EG,48.31868300000000,14.28305000000000,48.31868300000000,14.28305000000000,plausibel
defi_7f2c97e92d68890dae4a,Lonstorferplatz Vermögensverwaltung GmbH,Lonstorferplatz 1,4020,Linz,Lifepak CR+,"Pro Mente, 3 Stock, Wartebereich Personaladministration",48.29357600000000,14.31375300000000,48.29357600000000,14.31375300000000,plausibel
defi_2eaabbe30e7df66e60ea,"Konvent der barmherzigen Brüder, SH Franziskusschwestern",Losensteinstraße 8,4020,Linz,Heartstart FRx,,48.27647000000000,14.28203000000000,48.27647000000000,14.28203000000000,plausibel
defi_e780fbad44c8ca342087,"Amt der OÖ Landesregierung, Abteilung GBM, Kultuzentrum Hof",Ludlgasse 16,4020,Linz,Lifepak CR2 USB,"Kulturzentrum Hof, Eingangsbereich Veranstaltungssaal",48.31213000000000,14.30083000000000,48.31213000000000,14.30083000000000,plausibel
defi_e708c4267e34fa1a1d39,MCE GmbH,Lunzerstraße 64,4031,Linz,Lifepak CR+,"BG 63, 6. OG - Teeküche",48.26459300000000,14.34182500000000,48.26459300000000,14.34182500000000,plausibel
defi_6b43f226ad62081c2524,VACE Systemtechnik GmbH,Lunzerstraße 64,4030,Linz,Lifepak CR2 WLAN,"BG 63, 1. Stock",48.26439200000000,14.34191200000000,48.26439200000000,14.34191200000000,plausibel
defi_6c24e60e4a58258981b6,Linz AG,Lunzerstraße 90,4020,Linz,Lifepak CR+,Fernheizkraftwerk Süd,48.26786600000000,14.34590000000000,48.26786600000000,14.34590000000000,plausibel
defi_29d599013a6601b50e14,Blinden- und Sehbehindertenverband Oberösterreich,Makartstraße 11,4020,Linz,Lifepak CR2 WLAN,,,,,,fehlt
defi_29d599013a6601b50e14_2,Blinden- und Sehbehindertenverband Oberösterreich,Makartstraße 11,4020,Linz,Lifepak CR2 WLAN,,,,,,fehlt
defi_8bc9e00c80a13775ebfe,Berufsschule Linz 3,Makartstraße 3,4020,Linz,Fred Easy,Sekretariat,48.28906700000000,14.30211700000000,48.28906700000000,14.30211700000000,plausibel
defi_e85df8b6cfbe8978f220,Uniqa Insurance Group AG,Marktplatz 3,4020,Linz,Heartstart FRx,Südbahnhofmarkt Honeder außen,48.30097100000000,14.30045800000000,48.30097100000000,14.30045800000000,plausibel
defi_83478230b9e7f4d4e820,Pappas Automobilvertriebs GmbH,Mayrhoferstraße 36,4030,Linz,Lifepak CR+,Information,48.23839000000000,14.28285000000000,48.23839000000000,14.28285000000000,plausibel
defi_f288240b40394e651f42,WAG Wohnungsanlagen GmbH,Mörikeweg 6,4026,Linz,Heartstart FRx,"Eingang Empfang EG, Voranmeldung bei Hr. Maurer / Hr. Fuchsjäger",48.26823300000000,14.29470000000000,48.26823300000000,14.29470000000000,plausibel
defi_24ef3b0c9758d6adf119,Linz AG,Nebingerstraße 1,4020,Linz,Lifepak CR+,Fernheizkraftwerk Mitte (Warte),48.29924400000000,14.32373400000000,48.29924400000000,14.32373400000000,plausibel
defi_1892fa6a63d83ba962e9,Linz AG - Verwaltungsgebäude Bereich Abfall,Nebingerstraße 4,4020,Linz,Lifepak CR2 WLAN,Eingangsbereich Verwaltung,48.29769400000000,14.32481300000000,48.29769400000000,14.32481300000000,plausibel
defi_883d5f272b3b27ef58ee,Klose & Bürscher Haustechnik GmbH,Neubauzeile 57,4030,Linz,Heartstart HS1,Im Innenhof an der Gebäudefront außen,48.24609000000000,14.28670400000000,48.24609000000000,14.28670400000000,plausibel
defi_eb90023ec84085c419b4,Energie AG,Neubauzeile 99,4020,Linz,Lifepak CR+,"Linz, Neubauzeile, Empfang, Servicecenter",48.24203300000000,14.28013300000000,48.24203300000000,14.28013300000000,plausibel
defi_857ef7ac6ab459e898f7,"Landespolizeidirektion Oberösterreich, LKA OÖ, EGS",Nietzschestraße 33,4020,Linz,Heartstart HS1,,48.30674000000000,14.30547000000000,48.30674000000000,14.30547000000000,plausibel
defi_857ef7ac6ab459e898f7_2,"Landespolizeidirektion Oberösterreich, LKA OÖ, EGS",Nietzschestraße 33,4020,Linz,Heartstart HS1,,48.30674000000000,14.30547000000000,48.30674000000000,14.30547000000000,plausibel
defi_857ef7ac6ab459e898f7_3,"Landespolizeidirektion Oberösterreich, LKA OÖ, EGS",Nietzschestraße 33,4020,Linz,Heartstart HS1,,48.30674000000000,14.30547000000000,48.30674000000000,14.30547000000000,plausibel
defi_857ef7ac6ab459e898f7_4,"Landespolizeidirektion Oberösterreich, LKA OÖ, EGS",Nietzschestraße 33,4020,Linz,Heartstart HS1,,48.30674000000000,14.30547000000000,48.30674000000000,14.30547000000000,plausibel
defi_857ef7ac6ab459e898f7_5,"Landespolizeidirektion Oberösterreich, LKA OÖ, EGS",Nietzschestraße 33,4020,Linz,Heartstart HS1,,48.30674000000000,14.30547000000000,48.30674000000000,14.30547000000000,plausibel
defi_857ef7ac6ab459e898f7_6,"Landespolizeidirektion Oberösterreich, LKA OÖ, EGS",Nietzschestraße 33,4020,Linz,Heartstart HS1,,48.30674000000000,14.30547000000000,48.30674000000000,14.30547000000000,plausibel
defi_72cc3c96c05be7f2cbf1,"Landespolizeidirektion Oberösterreich, Sonderdienste",Nietzschestraße 33,4020,Linz,Fred Easy,Sektor II,48.30607000000000,14.30578000000000,48.30607000000000,14.30578000000000,plausibel
defi_4268aed55aaa1225f7db,"Landespolizeidirektion Oberösterreich, Sonderdienste",Nietzschestraße 33,4020,Linz,Fred Easy,Sektor III,48.30607000000000,14.30578000000000,48.30607000000000,14.30578000000000,plausibel
defi_05903b1bf7c272f808f6,"Landespolizeidirektion Oberösterreich, Sonderdienste",Nietzschestraße 33,4020,Linz,Fred Easy,Sektor I,48.30607000000000,14.30578000000000,48.30607000000000,14.30578000000000,plausibel
defi_1f8d0e1ecd693a06f7fd,OÖVP,Obere Donaulände 7-9,4020,Linz,Lifepak CR+,EG Empfang,48.30641600000000,14.28448400000000,48.30641600000000,14.28448400000000,plausibel
defi_5060e579c4d56471eb36,OÖ Landes-Kultur GmbH,OK-Platz 1,4020,Linz,Heartstart FRx,2.OG Gang links/U-HOF,48.30243300000000,14.29043300000000,48.30243300000000,14.29043300000000,plausibel
defi_09f3a20879c89e9b1177,OÖ Landes-Kultur GmbH,OK-Platz 1,4020,Linz,Heartstart FRx,1.OG Gang links/U-HOF,48.30234600000000,14.29065400000000,48.30234600000000,14.29065400000000,plausibel
defi_b4752ebb1c7ed0b970a7,OÖ Landes-Kultur GmbH,OK-Platz 1,4020,Linz,Heartstart FRx,OK OÖ Kulturquartier Infopoint,48.30300500000000,14.29071100000000,48.30300500000000,14.29071100000000,plausibel
defi_5d9a7829797ce943028f,OÖ Landes-Kultur GmbH,OK-Platz 1,4020,Linz,Heartstart HS1,"OÖ Kulturquartier, 2OG Arenagebäude D5",48.30270000000000,14.29107000000000,48.30270000000000,14.29107000000000,plausibel
defi_fa4116935d21a0b47bdd,Wasserrettung Plesching -  KEIN JÄHRLICHES SERVICE,Seeweg 11,4040,Plesching,Lifepak CR+,Pleschinger See,48.31915500000000,14.33002700000000,48.31915500000000,14.33002700000000,plausibel
defi_83a4214c2114515e05ee,LITEC HTBLA Paul-Hahn-Straße,Paul-Hahn-Straße 4,4020,Linz,Lifepak CR+,1. OG Sekretariat,48.30627400000000,14.31084200000000,48.30627400000000,14.31084200000000,plausibel
defi_23c55082937cdf7924e3,ASKÖ Kleinmünchen,Pestalozzistraße 79,4030,Linz,Heartstart FRx,Haupteingang neben Stiegenaufgang und Getränkeautomat,48.25651800000000,14.31177200000000,48.25651800000000,14.31177200000000,plausibel
defi_cf486147cba6c6072157,Netural GmbH,Peter-Behrens-Platz 2,4020,Linz,Lifepak CR+,2. Stock Garderobe,48.31261500000000,14.29865800000000,48.31261500000000,14.29865800000000,plausibel
defi_c91c02157cae38cdf628,FC Blau-Weiß Linz,Schiffbaustraße 10-18,4020,Linz,Lifepak CR2 WLAN,Sportplatz Toilette,48.31765200000000,14.30903800000000,48.31765200000000,14.30903800000000,plausibel
defi_09a41d8aa56f1aa8bae3,Altenbetreuungsschule des Landes OÖ,Petrinumstraße 12/2,4040,Linz,Lifepak CR+,Sekretariat 2.OG,48.31918000000000,14.27515000000000,48.31918000000000,14.27515000000000,plausibel
defi_5ade4541cba0c5a41b62,BVS-Brandverhütungsstelle für Oberösterreich Reg. GenmbH,Petzoldstr. 45,4017,Linz,Lifepak CR+,BVS - EG Empfang,48.30960000000000,14.31083300000000,48.30960000000000,14.31083300000000,plausibel
defi_1ac6d0760fa9b19e14ff,IBS-Institut für Brandschutztechnik und Sicherheitsforschung GmbH,Petzoldstr. 49,4017,Linz,Lifepak CR+,IBS-Neubau EG,48.30896700000000,14.31133300000000,48.30896700000000,14.31133300000000,plausibel
defi_3d53a4f3af91886b96b4,Oö. Landes-Feuerwehrverband,Petzoldstraße 43,4020,Linz,Lifepak CR+,Gangbereich Lehrsäle,48.30995000000000,14.31045000000000,48.30995000000000,14.31045000000000,plausibel
defi_96666a7a583e80c389c1,Bezirkshauptmannschaft Urfahr-Umgebung,Peuerbachstraße 26,4040,Linz,Fred Easy,Post/Information EG,48.31677700000000,14.28613100000000,48.31677700000000,14.28613100000000,plausibel
defi_68e65017e4fccde7aae3,Volkskreditbank AG,Pfarrplatz 12,4010,Linz,Heartstart FRx,VKB Kundencenter,48.30646700000000,14.29025000000000,48.30646700000000,14.29025000000000,plausibel
defi_0cef8ac0f0a5c11ac534,Justizanstalt Linz,Pochestr. 9,4020,Linz,Lifepak CR+,Wachzimmer,48.30488300000000,14.29220000000000,48.30488300000000,14.29220000000000,plausibel
defi_19eff809bb06480c6b9e,Kwizda Pharmahandel GmbH,Poschacherstraße 37,4020,Linz,Heartstart FRx,Haupteingang Tür geradeaus beschildert!,48.28595900000000,14.31152000000000,48.28595900000000,14.31152000000000,plausibel
defi_b356dc94c5563bbacba7,Sparkasse Oberösterreich AG,Promenade 11-13,4020,Linz,Lifepak CR+,Portier,48.30363300000000,14.28668300000000,48.30363300000000,14.28668300000000,plausibel
defi_4075ca5a1c4e4e16e827,KFL Kranken- und Unfallfürsorge für oö. Landesbedienstete,Promenade 28,4020,Linz,Lifepak CR+,Gang,48.30436700000000,14.28386700000000,48.30436700000000,14.28386700000000,plausibel
defi_b1737d43f8fefeee984b,"Amt der oberösterreichischen Landesregierung, Direktion Kultur/LA2021",Promenade 37,4021,Linz,Heartstart FRx,Landesausstellung oder Promenade37 1.Stock Nr.109,48.30313000000000,14.28321000000000,48.30313000000000,14.28321000000000,plausibel
defi_cd58047a24769904fa66,"Amt der oberösterreichischen Landesregierung, Direktion Kultur/LA2021",Promenade 37,4021,Linz,Heartstart FRx,"Landesausstellung oder Promenade 37 1. Stock, 109",48.30314600000000,14.28304400000000,48.30314600000000,14.28304400000000,plausibel
defi_879b436459b87a97cbc4,Amt der oberösterreichischen Landesregierung,Promenade 37,4020,Linz,Lifepak CR+,"Stiegenhaus, 1. OG",48.30310900000000,14.28306300000000,48.30310900000000,14.28306300000000,plausibel
defi_06a4ddb7909c0d42368b,OÖ Theater und Orchester GmbH - Landestheater Linz,Promenade 39,4020,Linz,Lifepak CR+,Arzt-Dienstzimmer,48.30398300000000,14.28315000000000,48.30398300000000,14.28315000000000,plausibel
defi_52bb929d2551522af44c,"Amt der Oberösterreichischen Landesregierung, Abteilung Gebäudemanagement",Promenade 39,4020,Linz,Heartstart FRx,"Redoutensäle Linz, 1. OG Garderobe Foyer",48.30392800000000,14.28336900000000,48.30392800000000,14.28336900000000,plausibel
defi_52622f1523b74364d544,OÖ Theater und Orchester GmbH - Landestheater Linz,Promenade 39,4020,Linz,Lifepak Express,"Studiobühne 2.OG, Empfang",48.31316700000000,14.29950000000000,48.31316700000000,14.29950000000000,plausibel
defi_9371638d0451476ad361,OÖ Theater und Orchester GmbH - Landestheater Linz,Promenade 39,4020,Linz,Lifepak Express,Kasse Haupteingang (Garderobe),48.31316700000000,14.29950000000000,48.31316700000000,14.29950000000000,plausibel
defi_c8a61c5c3182d5c6c3be,Schmachtl GmbH,Pummererstr. 36,4020,Linz,Lifepak CR2 WLAN,Kopierraum 1. Stock,48.30785000000000,14.32801700000000,48.30785000000000,14.32801700000000,plausibel
defi_22d09b83c221df33d45d,Schmachtl GmbH,Pummererstraße 36,4020,Linz,Lifepak CR+,Werkstätte,48.30767700000000,14.32829400000000,48.30767700000000,14.32829400000000,plausibel
defi_37cb62e56e80cfb4db21,TIZ St. Florian,Pummerinplatz 3,4490,St. Florian,Lifepak CR+,TIZ - Schlüssel bei Hr. Binder (VKB abholen),48.20948300000000,14.39631700000000,48.20948300000000,14.39631700000000,plausibel
defi_3c9ad5d4c4572fe0f5b8,Casinos Austria AG,Rainerstr. 2-4,4020,Linz,Fred Easy,Vorraum Gästerelation,48.29836700000000,14.29035000000000,48.29836700000000,14.29035000000000,plausibel
defi_6635b7d48093ab76c5fe,BG/BRG Ramsauerstraße Elternverein,Ramsauer Straße 94,4020,Linz,Lifepak CR+,neben Sekretariat 1. OG,48.26518300000000,14.29066700000000,48.26518300000000,14.29066700000000,plausibel
defi_a39e7ca8caf9cd1ee3da,Linz AG,Ramsauerstraße 12,4020,Linz,Lifepak CR+,"Hummelhofbad Linz, Hallenbad/Ausgang Freibad",48.27551200000000,14.29118300000000,48.27551200000000,14.29118300000000,plausibel
defi_08dd2bc854f6eca86499,Linz AG,Regensburger Straße 3,4020,Linz,Lifepak Express,Erdgeschgoss,48.31329000000000,14.31753000000000,48.31329000000000,14.31753000000000,plausibel
defi_4e24895447bcd7de97ab,Linz AG,Regensburger Straße 3,4021,Linz,Lifepak CR+,"Hafenschiff Eduard, vorher kontakt mit Hr. Freiseder von der Regensburgerstr. 3",48.31175000000000,14.31489000000000,48.31175000000000,14.31489000000000,plausibel
defi_5d601d2ce8c59530089c,Berufsschule Linz 1,Reindlstraße 48-50,4040,Linz,Fred Easy,Konferenzzimmer,48.31786700000000,14.29085000000000,48.31786700000000,14.29085000000000,plausibel
defi_188c54e4f5281c156d03,KEBA Industrial Automation GmbH,Reindlstraße 51,4041,Linz,Lifepak Express,Eingang Infopoint,48.31764800000000,14.28865100000000,48.31764800000000,14.28865100000000,plausibel
defi_fe67412d62b9e16bb059,Arbeiterkammer Linz,Römerstraße 98,4020,Linz,Fred Easy,Jägermayrhof,48.30076000000000,14.26673000000000,48.30076000000000,14.26673000000000,plausibel
defi_45a4ed57f915211c9fc4,Haslinger / Nagele & Partner,Roseggerstraße 58,4020,Linz,Lifepak CR+,Empfang,48.29263800000000,14.27151700000000,48.29263800000000,14.27151700000000,plausibel
defi_4ef5ea6faa3283abecd9,Volkskreditbank AG,Rudigierstraße 5-7,4020,Linz,Heartstart FRx,Foyer/Links hinter SB,48.30068800000000,14.28981700000000,48.30068800000000,14.28981700000000,plausibel
defi_55be1d0d8b6a2b17369f,Volkskreditbank AG,Pfarrplatz 12,4020,Linz,Heartstart FRx,2. Stock rechts letzte Büro,48.30628400000000,14.29034600000000,48.30628400000000,14.29034600000000,plausibel
defi_23417fad6c884de37b57,Dr. Johannes Föchterle,Rudolfstraße 8,4040,Linz,Lifepak CR+,Ordination,48.31115300000000,14.28206800000000,48.31115300000000,14.28206800000000,plausibel
defi_40e421ca3d20ed495775,Banner GmbH,Salzburger Straße 298 / Bannerstr. 1,4021,Linz,Lifepak CR+,Zentraler Standort; Tor 6 (BMZ),48.24988300000000,14.26675000000000,48.24988300000000,14.26675000000000,plausibel
defi_7244e3789290383f9bfb,Energie AG,Salzburger Straße 355a,4030,Linz,Lifepak CR+,"Sportanlage Wegschaid, Hr. Kohlberger kontaktieren!",48.24863000000000,14.26890000000000,48.24863000000000,14.26890000000000,plausibel
defi_5c6e49f81c09df49b909,Energie AG,Salzburgerstraße 373b,4030,Linz,Lifepak CR+,Eingang Umspannwerk,48.24611900000000,14.26634900000000,48.24611900000000,14.26634900000000,plausibel
defi_a8df9d861c8684d1ab05,Linz AG,Saxingerstraße 1a,4020,Linz,Lifepak Express,Containerterminal 1. Stock,48.31077000000000,14.32574000000000,48.31077000000000,14.32574000000000,plausibel
defi_abf76dd5542a73282ad7,Tencate Geosynthetics Austria GmbH,Schachermayerstraße 18,4021,Linz,Heartstart FRx,Anmeldung Spedition hintergebäude,48.29565000000000,14.32361000000000,48.29565000000000,14.32361000000000,plausibel
defi_297cd715caf93dea37dd,Schachermayer-Großhandels GmbH,Schachermayerstraße 2,4020,Linz,Lifepak CR2 WLAN,,48.29777000000000,14.32132000000000,48.29777000000000,14.32132000000000,plausibel
defi_f3e8156c23408dcc204d,GIS Gebühren Info Service GmbH,Scharitzerstraße 6-8,4020,Linz,Heartstart FRx,"Büro, 5. OG",48.29570700000000,14.29360700000000,48.29570700000000,14.29360700000000,plausibel
defi_ef19030645969efbd328,Bildungshaus Sankt Magdalena,Schatzweg 177,4040,Linz,Lifepak CR+,Hinterm Empfang,48.33914000000000,14.30509000000000,48.33914000000000,14.30509000000000,plausibel
defi_ee9f1233125ed66309e6,Forum Apotheke Oed,Schiffmannstraße 7,4020,Linz,Lifepak CR+,Eingang rechts,48.26561100000000,14.28141600000000,48.26561100000000,14.28141600000000,plausibel
defi_b1c3f7e6a9eb2a7b5aaf,OÖ Landesbibliothek,Schillerplatz 2,4021,Linz,Lifepak CR+,Leseraum,48.29714000000000,14.29103000000000,48.29714000000000,14.29103000000000,plausibel
defi_4ebc25bb349b9b5c4a19,"OÖ Landes-Kultur GmbH, Schlossmuseum Linz",Schlossberg 1,4020,Linz,Heartstart FRx,Schlossmuseum Linz,48.30520000000000,14.28266700000000,48.30520000000000,14.28266700000000,plausibel
defi_1faab3e698391cf126b4,Linz AG,Schörgenhubstr. 16,4030,Linz,Lifepak CR+,Schörgenhubbad - Küche,48.24985000000000,14.30083000000000,48.24985000000000,14.30083000000000,plausibel
defi_def1f231b620b580fc70,Sparkasse Oberösterreich AG,Sparkassenplatz 2,4040,Linz,Lifepak CR+,Portier,48.31606000000000,14.28418000000000,48.31606000000000,14.28418000000000,plausibel
defi_184614f56a54e7321cb9,Createam Werbeagentur GmbH,Spittelwiese 5,4020,Linz,Heartstart FRx,Küche,48.30271000000000,14.28829000000000,48.30271000000000,14.28829000000000,plausibel
defi_96b4a959aff6c10e9de3,DDr. Johannes Brücke,Spittelwiese 6,4020,Linz,Lifepak CR+,"Nach Eingang ""Spittelwiese"" rechts Treppenaufgang 3. OG (Arkade)",48.30258300000000,14.28800000000000,48.30258300000000,14.28800000000000,plausibel
defi_aca4b335630d1d6ac5d0,Borealis Polyolefine GmbH,St. Peter Straße 25,4021,Linz,Lifepak CR+,Borealis Linz,48.28816700000000,14.32440000000000,48.28816700000000,14.32440000000000,plausibel
defi_6138701bbc725d8b5f30,ANS Personalservice GmbH,St.-Peter-Straße 25,4020,Linz,Lifepak CR2 WLAN,"Borealis-Gebäude, 2. Stock",48.28874100000000,14.32318800000000,48.28874100000000,14.32318800000000,plausibel
defi_07ab887dbd1872d8758f,APK-Pensionskassen AG,Stahlstraße 2-4,4020,Linz,Lifepak CR+,Lagerraum,48.28328700000000,14.31952200000000,48.28328700000000,14.31952200000000,plausibel
defi_b0c0e08c744aef466744,voestalpine Personal Services GmbH,Stahlstrasse 30,4031,Linz,Lifepak CR+,"3. OG, Sekretariat im 1.OG",48.27315000000000,14.32118300000000,48.27315000000000,14.32118300000000,plausibel
defi_7b856b9ca7aae55d0c5d,voestalpine Personal Services GmbH,Stahlstrasse 30,4031,Linz,Lifepak CR+,"EG, Sekretariat im 1.OG",48.27298300000000,14.32128300000000,48.27298300000000,14.32128300000000,plausibel
defi_a5cb4d5157d35bd10062,IS Baubetrieb GmbH,Stahlstraße 44a,4031,Linz,Lifepak CR+,"Tischlerei, BG 32",48.26838300000000,14.32438300000000,48.26838300000000,14.32438300000000,plausibel
defi_c154eea6724a9f5658f9,IS Baubetrieb GmbH,Stahlstraße 44a,4031,Linz,Lifepak CR+,"Stahlstraße 44, BG 22 Erdgeschoß",48.27125000000000,14.32400000000000,48.27125000000000,14.32400000000000,plausibel
defi_15960908895ed99702fb,Raiffeisenverband Oberösterreich,Starhembergstr. 49,4020,Linz,Lifepak CR+,3. Stock Kopierraum,48.29891700000000,14.29986700000000,48.29891700000000,14.29986700000000,plausibel
defi_c07877df388faadd5a01,ASKÖ Blaue Elf Linz,Teutschmannweg 1,4020,Linz,Lifepak CR+,Büro Platzwart,48.26982600000000,14.30721600000000,48.26982600000000,14.30721600000000,plausibel
defi_61c547ba266db819e021,Berufsschule Linz 2 + Berufsschulinternat Linz,Turmstraße 1,4020,Linz,Heartstart FRx,Schulwart Zimmer,48.27675000000000,14.31293300000000,48.27675000000000,14.31293300000000,plausibel
defi_df5641a9b3f2cfddb6c4,Primetals Technologies Austria GmbH,Turmstraße 44,4031,Linz,Lifepak CR+,BG 47 Oststern 3. OG Gangbereich neben der Teeküche,48.27480000000000,14.32240000000000,48.27480000000000,14.32240000000000,plausibel
defi_30c4ea31b3fdb99e42a3,Primetals Technologies Austria GmbH,Turmstraße 44,4031,Linz,Lifepak CR+,"BG 48 3. OG Stiegenhausbereich nordseitig, neben Eingang zu Zi 340",48.27576700000000,14.32161700000000,48.27576700000000,14.32161700000000,plausibel
defi_05e1f234b2cb8e3d001b,Primetals Technologies Austria GmbH,Turmstraße 44,4031,Linz,Lifepak CR+,BG 47 Weststern 3. OG Gangbereich neben der Teeküche,48.27461700000000,14.32113300000000,48.27461700000000,14.32113300000000,plausibel
defi_e0893c24422bc71da670,Primetals Technologies Austria GmbH,Turmstraße 44,4031,Linz,Lifepak CR+,BG 47 Mittelstern 3. OG neben Teeküche,48.27466700000000,14.32176700000000,48.27466700000000,14.32176700000000,plausibel
defi_7cf70196bf90aff2e92f,Primetals Technologies Austria GmbH,Turmstraße 44,4031,Linz,Lifepak CR+,BG 47 Eingangsbereich in Portiernähe,48.27466700000000,14.32176700000000,48.27466700000000,14.32176700000000,plausibel
defi_608b041adfbf754ea8d0,Primetals Technologies Austria GmbH,Turmstraße 44,4031,Linz,Lifepak CR+,"BG 48 3. OG Stiegenhausbereich südseitig, neben Eingang zu Zi 331",48.27556700000000,14.32155000000000,48.27556700000000,14.32155000000000,plausibel
defi_596916d42c2147564f9c,Primetals Technologies Austria GmbH,Turmstraße 44,4031,Linz,Lifepak CR+,BG 48 Eingangsbereich seitlich Richtung Verbindungsgang zu BG 45,48.27556700000000,14.32155000000000,48.27556700000000,14.32155000000000,plausibel
defi_9612108869f87afd93a6,Primetals Technologies Austria GmbH,"Turmstraße 44, Postfach 4",4031,Linz,Lifepak CR+,BÜRO Kasten,48.27467000000000,14.32175000000000,48.27467000000000,14.32175000000000,plausibel
defi_9612108869f87afd93a6_2,Primetals Technologies Austria GmbH,"Turmstraße 44, Postfach 4",4031,Linz,Lifepak CR+,BÜRO Kasten,48.27467000000000,14.32175000000000,48.27467000000000,14.32175000000000,plausibel
defi_cc4c3344e42d41d25c8a,Primetals Technologies Austria GmbH,"Turmstraße 44, Postfach 4",4031,Linz,Lifepak CR+,BG 74 Foyer - Stiegenhaus Nord,48.27346300000000,14.32257400000000,48.27346300000000,14.32257400000000,plausibel
defi_48a9b03ea0de31804114,Primetals Technologies Austria GmbH,"Turmstraße 44, Postfach 4",4031,Linz,Lifepak CR+,BG 74/Erdgeschoss - Stiegenhaus Süd,48.27346300000000,14.32257400000000,48.27346300000000,14.32257400000000,plausibel
defi_653ad1bdf14a8c44ffbe,Primetals Technologies Austria GmbH,Stahlstraße 14,4031,Linz,Heartstart FRx,"BG 88, EG",48.27628300000000,14.32160000000000,48.27628300000000,14.32160000000000,plausibel
defi_5148f472452d8d69501a,"Pensionistenverband Ortsgruppe Bindermichl, Volkshaus Bindermichl",Uhlandgasse 5,4020,Linz,Lifepak CR+,Volkshaus Bindermichl,48.27315000000000,14.28986700000000,48.27315000000000,14.28986700000000,plausibel
defi_10250ed98c490db88814,ÖBB Personenverkehr AG,Unionstraße 24,4020,Linz,Lifepak CR+,Boardservice (Werksgelände),48.17914000000000,14.04701000000000,48.17914000000000,14.04701000000000,plausibel
defi_cc98fbfd225d782efcd1,Linz AG,Untere Donaulände 11,4020,Linz,Lifepak CR+,Parkbad - Freibad/Sportbecken Winter: Eishalle NEU,48.31291600000000,14.28548300000000,48.31291600000000,14.28548300000000,plausibel
defi_99e3a057c1a961d4d1b5,Linz AG,Untere Donaulände 11,4020,Linz,Lifepak CR+,Parkbad - Hallenbad,48.31141600000000,14.29498300000000,48.31141600000000,14.29498300000000,plausibel
defi_b035a261498a6dd9917f,Pörner Ingenieurgesellschaft mbH,Untere Donaulände 21-25,4020,Linz,Lifepak CR+,Büro nach Eingang links,48.28578300000000,14.29415000000000,48.28578300000000,14.29415000000000,plausibel
defi_35182f9fe311113e5149,Linz AG,"Urnenhainweg 8, Linzerstraße",4020,Linz,Lifepak CR+,"Friedhof Urnenhain, Erste Hilfe Raum (Verwaltungsgebäude)",48.32543600000000,14.29586500000000,48.32543600000000,14.29586500000000,plausibel
defi_d4c360d72bed8dbf55ff,Landesverwaltungsgericht Oberösterreich,Volksgartenstraße 14,4020,Linz,Lifepak Express,Sanitätsraum im EG,48.29666400000000,14.28913300000000,48.29666400000000,14.28913300000000,plausibel
defi_3832735b7b8e3f2553d4,Arbeiterkammer Linz,Volksgartenstraße 34,4020,Linz,Fred Easy,"ÖGB, Infoschalter beim Eingang",48.29458300000000,14.29076700000000,48.29458300000000,14.29076700000000,plausibel
defi_76dd45bb6309f019c824,Arbeiterkammer Linz,Volksgartenstraße 40,4020,Linz,Fred Easy,Infoschalter beim Eingang,48.29386700000000,14.29136700000000,48.29386700000000,14.29136700000000,plausibel
defi_78f771ac2ade4022d270,Arbeiterkammer Linz,Volksgartenstraße 40,4020,Linz,Fred Easy,Kongresssaal bei Lift,48.29428300000000,14.29098300000000,48.29428300000000,14.29098300000000,plausibel
defi_2d0ed0bfe7ca79b81c85,WFL Millturn Technologies GmbH & Co KG,Wahringerstr. 36,4030,Linz,Lifepak CR+,Zugang Bürogebäude/Produktionshalle,48.26714000000000,14.32502000000000,48.26714000000000,14.32502000000000,plausibel
defi_22c2dd0150cf22a0c2d3,emcee GmbH,Wahringerstraße 34,4030,Linz,Lifepak CR+,Produktion - Instandhaltungswerkstatt,48.26573300000000,14.32481700000000,48.26573300000000,14.32481700000000,plausibel
defi_1916df1785eef60b8710,emcee GmbH,Wahringerstraße 34,4030,Linz,Lifepak CR+,BG 11 Foyer,48.26573300000000,14.32481700000000,48.26573300000000,14.32481700000000,plausibel
defi_a32ecad192f424b51ffc,VACE Engineering GmbH,Wahringerstraße 34,4030,Linz,Lifepak CR2 WLAN,"BG 11, 1.OG Stiegenhaus",48.26515200000000,14.32460300000000,48.26515200000000,14.32460300000000,plausibel
defi_cd639832a0fd5ed5d1a9,Bilfinger Maschinenbau GmbH & Co KG,"Wahringerstraße 34, Postfach 35",4031,Linz,Heartstart FRx,Gerät 2021 nicht auffindbar (ehem. Büro Hr. Feichtinger),48.27045100000000,14.34831100000000,48.27045100000000,14.34831100000000,plausibel
defi_6c815b8edc9f8366f130,Dr. Susanne Leisch,Waltherstraße 5,4020,Linz,Heartstart FRx,Blutabnahme 2 im Kasten,48.30216200000000,14.28415300000000,48.30216200000000,14.28415300000000,plausibel
defi_7df8ea50319d5d481125,"Dr. Susanne Leisch (vorab Kontakt mit Fr. Dr. Leisch, da Defi in Ägypten steht)",Waltherstraße 5,4020,Linz,Heartstart FRx,Archäologische Ausgrabung Ägypten,48.30216200000000,14.28415300000000,48.30216200000000,14.28415300000000,plausibel
defi_e19a771a0a4e42135b67,ÖAMTC Oberösterreich,Wankmüllerhofstraße 60,4021,Linz,Lifepak Express,Werkstatt Lager,48.27941600000000,14.30917900000000,48.27941600000000,14.30917900000000,plausibel
defi_93c19ec8b049428280a8,Linz AG - Wasserwerk Scharlinz,Wasserwerkstraße 2,4030,Linz,Lifepak CR2 WLAN,Warte,48.26635900000000,14.31166900000000,48.26635900000000,14.31166900000000,plausibel
defi_b955f2f0c388c51fcc93,Energie AG,Wattstraße 5,4030,Linz,Lifepak CR+,Erdgeschoss nach Haupteingang links,48.24684700000000,14.26613700000000,48.24684700000000,14.26613700000000,plausibel
defi_e3416e00d5d3dd0e2b0a,Linz AG,Wiener Straße 151,4021,Linz,Lifepak CR+,"Linz AG Zentrale, Portier",48.30137000000000,14.29657000000000,48.30137000000000,14.29657000000000,plausibel
defi_89ec49c5c1ced9ad564f,Berufsschule Linz 2 und 9,Wiener Straße 181,4020,Linz,Fred Easy,EG Gang Kasten,48.27755000000000,14.31241700000000,48.27755000000000,14.31241700000000,plausibel
defi_f31d8dc55c8ebe3d216b,Theater Phoenix,Wiener Straße 25,4020,Linz,Lifepak CR+,Saaleingang,48.29131700000000,14.29688300000000,48.29131700000000,14.29688300000000,plausibel
defi_8694e725269252d429d6,Linz AG,Wiener Straße 383,4030,Linz,Lifepak CR+,"Remise Kleinmünchen, Meisterbüro",48.25794600000000,14.32230900000000,48.25794600000000,14.32230900000000,plausibel
defi_5a007df0ecad356bb9aa,Linz Textil GmbH,Wiener Straße 435,4030,Linz,Lifepak Express,Weberei,48.25464000000000,14.32696000000000,48.25464000000000,14.32696000000000,plausibel
defi_9340d4f77640c8ad4f43,Pensionistenverband Österreichs Landesorganisation OÖ,Wienerstraße 2,4020,Linz,Fred Easy,EG nähe Eingang,48.29196700000000,14.29500000000000,48.29196700000000,14.29500000000000,plausibel
defi_d14d51a85227d8fddf14,Sportunion Oberösterreich,Wieningerstraße 11,4020,Linz,Lifepak CR+,"Sportunion Babenberg, Kabinengang Außenbereich",48.26847000000000,14.28165300000000,48.26847000000000,14.28165300000000,plausibel
defi_9a80cf81ade71cff6b54,Diakonie Zentrum Spattstraße gemeinnützige GmbH,Willingerstraße 21,4030,Linz,Heartstart FRx,Eingangsbereich,48.26930000000000,14.31240000000000,48.26930000000000,14.31240000000000,plausibel
defi_f10e90cdb657112dd6d9,Ordination Dr. Weilheim-Koits,,,,Lifepak CR2 USB,,,,,,fehlt
defi_506b9797deda2d34c558,"Froschberg Apotheke, Mag. pharm. Kurt Pröll",Ziegeleistraße 70,4020,Linz,Lifepak Express,,48.29090000000000,14.27631700000000,48.29090000000000,14.27631700000000,plausibel
